x-axis,1,2,3
second,Volt,Volt,Volt
-35.10000E-06,+412.50000000000E+00,-250.00000000E-03,+15.31250000000E+00
-35.08000E-06,+412.50000000000E+00,-562.50000000E-03,+15.31250000000E+00
-35.06000E-06,+412.50000000000E+00,-250.00000000E-03,+15.31250000000E+00
-35.04000E-06,+412.50000000000E+00,-562.50000000E-03,+15.00000000000E+00
-35.02000E-06,+412.50000000000E+00,-250.00000000E-03,+15.00000000000E+00
-35.00000E-06,+412.50000000001E+00,-562.50000000E-03,+15.62500000000E+00
-34.98000E-06,+424.99999999999E+00,-250.00000000E-03,+15.31250000000E+00
-34.96000E-06,+418.74999999999E+00,-562.50000000E-03,+15.00000000000E+00
-34.94000E-06,+412.50000000001E+00,-250.00000000E-03,+15.31250000000E+00
-34.92000E-06,+418.75000000000E+00,-250.00000000E-03,+15.31250000000E+00
-34.90000E-06,+418.75000000000E+00,-250.00000000E-03,+15.31250000000E+00
-34.88000E-06,+418.75000000001E+00,-250.00000000E-03,+15.31250000000E+00
-34.86000E-06,+424.99999999999E+00,-250.00000000E-03,+15.31250000000E+00
-34.84000E-06,+418.75000000000E+00,-562.50000000E-03,+15.00000000000E+00
-34.82000E-06,+418.75000000000E+00,-250.00000000E-03,+15.62500000000E+00
-34.80000E-06,+418.75000000002E+00,-562.50000000E-03,+15.31250000000E+00
-34.78000E-06,+424.99999999998E+00,-250.00000000E-03,+15.31250000000E+00
-34.76000E-06,+418.75000000002E+00,-250.00000000E-03,+15.31250000000E+00
-34.74000E-06,+425.00000000000E+00,-250.00000000E-03,+15.31250000000E+00
-34.72000E-06,+425.00000000000E+00,-250.00000000E-03,+15.31250000000E+00
-34.70000E-06,+425.00000000000E+00,-250.00000000E-03,+15.31250000000E+00
-34.68000E-06,+425.00000000000E+00,-250.00000000E-03,+15.31250000000E+00
-34.66000E-06,+425.00000000000E+00,-250.00000000E-03,+15.31250000000E+00
-34.64000E-06,+424.99999999996E+00,-250.00000000E-03,+15.31250000000E+00
-34.62000E-06,+412.50000000005E+00,-250.00000000E-03,+15.31250000000E+00
-34.60000E-06,+425.00000000000E+00,-250.00000000E-03,+15.62500000000E+00
-34.58000E-06,+425.00000000003E+00,-250.00000000E-03,+15.62500000000E+00
-34.56000E-06,+431.25000000000E+00,-562.50000000E-03,+15.31250000000E+00
-34.54000E-06,+431.25000000000E+00,-562.50000000E-03,+15.31250000000E+00
-34.52000E-06,+431.24999999997E+00,-562.50000000E-03,+15.31250000000E+00
-34.50000E-06,+425.00000000003E+00,-250.00000000E-03,+15.31250000000E+00
-34.48000E-06,+431.24999999997E+00,-562.50000000E-03,+15.31250000000E+00
-34.46000E-06,+425.00000000003E+00,-250.00000000E-03,+15.31250000000E+00
-34.44000E-06,+431.24999999997E+00,-250.00000000E-03,+15.31250000000E+00
-34.42000E-06,+424.99999999997E+00,-250.00000000E-03,+15.31250000000E+00
-34.40000E-06,+418.75000000000E+00,-562.50000000E-03,+15.31250000000E+00
-34.38000E-06,+418.75000000007E+00,-250.00000000E-03,+15.62500000000E+00
-34.36000E-06,+431.24999999996E+00,-562.50000000E-03,+15.31250000000E+00
-34.34000E-06,+425.00000000004E+00,-250.00000000E-03,+15.00000000000E+00
-34.32000E-06,+431.24999999996E+00,-562.50000000E-03,+15.31250000000E+00
-34.30000E-06,+425.00000000004E+00,-250.00000000E-03,+15.31250000000E+00
-34.28000E-06,+431.24999999996E+00,-250.00000000E-03,+15.62500000000E+00
-34.26000E-06,+425.00000000004E+00,+62.50000000E-03,+15.00000000000E+00
-34.24000E-06,+431.24999999992E+00,-562.50000000E-03,+15.62500000000E+00
-34.22000E-06,+418.75000000009E+00,-562.50000000E-03,+15.31250000000E+00
-34.20000E-06,+431.24999999996E+00,-250.00000000E-03,+15.00000000000E+00
-34.18000E-06,+425.00000000000E+00,-562.50000000E-03,+15.31250000000E+00
-34.16000E-06,+424.99999999995E+00,-562.50000000E-03,+15.31250000000E+00
-34.14000E-06,+418.75000000005E+00,-875.00000000E-03,+15.62500000000E+00
-34.12000E-06,+425.00000000000E+00,-562.50000000E-03,+15.31250000000E+00
-34.10000E-06,+425.00000000000E+00,-562.50000000E-03,+15.62500000000E+00
-34.08000E-06,+425.00000000000E+00,-562.50000000E-03,+15.62500000000E+00
-34.06000E-06,+425.00000000000E+00,-250.00000000E-03,+15.62500000000E+00
-34.04000E-06,+425.00000000000E+00,-250.00000000E-03,+15.31250000000E+00
-34.02000E-06,+424.99999999995E+00,-250.00000000E-03,+15.31250000000E+00
-34.00000E-06,+418.74999999995E+00,-562.50000000E-03,+15.31250000000E+00
-33.98000E-06,+412.50000000006E+00,-250.00000000E-03,+15.62500000000E+00
-33.96000E-06,+418.74999999994E+00,-250.00000000E-03,+15.31250000000E+00
-33.94000E-06,+412.50000000000E+00,-562.50000000E-03,+15.31250000000E+00
-33.92000E-06,+412.50000000006E+00,-250.00000000E-03,+15.00000000001E+00
-33.90000E-06,+418.75000000000E+00,-250.00000000E-03,+15.62500000000E+00
-33.88000E-06,+418.75000000000E+00,-562.50000000E-03,+15.31250000000E+00
-33.86000E-06,+418.75000000006E+00,-562.50000000E-03,+15.62500000000E+00
-33.84000E-06,+424.99999999988E+00,-562.50000000E-03,+15.62500000000E+00
-33.82000E-06,+412.50000000013E+00,-562.50000000E-03,+15.31250000000E+00
-33.80000E-06,+424.99999999994E+00,-875.00000000E-03,+15.31250000000E+00
-33.78000E-06,+418.74999999993E+00,-562.50000000E-03,+15.31250000000E+00
-33.76000E-06,+412.50000000000E+00,-562.50000000E-03,+15.00000000000E+00
-33.74000E-06,+412.50000000000E+00,-562.50000000E-03,+15.31250000000E+00
-33.72000E-06,+412.49999999993E+00,-562.50000000E-03,+15.31250000000E+00
-33.70000E-06,+406.25000000021E+00,-562.50000000E-03,+15.62500000000E+00
-33.68000E-06,+424.99999999986E+00,-562.50000000E-03,+15.31250000000E+00
-33.66000E-06,+412.50000000000E+00,-250.00000000E-03,+15.62499999999E+00
-33.64000E-06,+412.50000000000E+00,-562.50000000E-03,+15.00000000000E+00
-33.62000E-06,+412.50000000007E+00,-562.50000000E-03,+15.31250000000E+00
-33.60000E-06,+418.75000000000E+00,-250.00000000E-03,+15.31250000000E+00
-33.58000E-06,+418.74999999992E+00,-250.00000000E-03,+15.31250000000E+00
-33.56000E-06,+412.50000000000E+00,-562.50000000E-03,+15.31250000000E+00
-33.54000E-06,+412.50000000000E+00,-250.00000000E-03,+15.00000000000E+00
-33.52000E-06,+412.50000000008E+00,-562.50000000E-03,+15.31250000000E+00
-33.50000E-06,+418.74999999992E+00,-250.00000000E-03,+15.31250000000E+00
-33.48000E-06,+412.50000000000E+00,-250.00000000E-03,+15.62500000000E+00
-33.46000E-06,+412.50000000016E+00,-250.00000000E-03,+15.62500000000E+00
-33.44000E-06,+424.99999999992E+00,-562.50000000E-03,+15.62499999999E+00
-33.42000E-06,+418.74999999992E+00,-250.00000000E-03,+15.00000000001E+00
-33.40000E-06,+412.50000000000E+00,-562.50000000E-03,+15.62500000000E+00
-33.38000E-06,+412.50000000009E+00,-562.50000000E-03,+15.62500000000E+00
-33.36000E-06,+418.74999999991E+00,-874.99999999E-03,+15.31250000000E+00
-33.34000E-06,+412.50000000009E+00,-250.00000000E-03,+15.31250000000E+00
-33.32000E-06,+418.75000000000E+00,-562.50000000E-03,+15.31250000000E+00
-33.30000E-06,+418.75000000000E+00,-250.00000001E-03,+15.62500000000E+00
-33.28000E-06,+418.74999999991E+00,-875.00000000E-03,+15.31250000000E+00
-33.26000E-06,+412.50000000009E+00,-562.50000000E-03,+15.62499999999E+00
-33.24000E-06,+418.75000000000E+00,-874.99999999E-03,+15.00000000001E+00
-33.22000E-06,+418.75000000009E+00,-250.00000000E-03,+15.62499999999E+00
-33.20000E-06,+424.99999999991E+00,-250.00000000E-03,+15.00000000001E+00
-33.18000E-06,+418.74999999990E+00,-562.50000000E-03,+15.62499999999E+00
-33.16000E-06,+412.50000000000E+00,-874.99999999E-03,+15.00000000001E+00
-33.14000E-06,+412.50000000010E+00,-250.00000000E-03,+15.62500000000E+00
-33.12000E-06,+418.75000000000E+00,-562.50000000E-03,+15.31250000000E+00
-33.10000E-06,+418.75000000000E+00,-250.00000000E-03,+15.62500000000E+00
-33.08000E-06,+418.75000000000E+00,-562.49999999E-03,+15.31250000001E+00
-33.06000E-06,+418.75000000010E+00,-250.00000001E-03,+15.62500000000E+00
-33.04000E-06,+425.00000000000E+00,-562.49999999E-03,+15.62500000000E+00
-33.02000E-06,+425.00000000000E+00,-250.00000001E-03,+15.62499999999E+00
-33.00000E-06,+424.99999999990E+00,-562.49999999E-03,+15.31250000001E+00
-32.98000E-06,+418.75000000011E+00,-250.00000000E-03,+15.62499999999E+00
-32.96000E-06,+424.99999999989E+00,-250.00000001E-03,+15.31250000001E+00
-32.94000E-06,+418.75000000000E+00,-562.50000000E-03,+15.62499999999E+00
-32.92000E-06,+418.75000000011E+00,-562.49999999E-03,+15.31250000001E+00
-32.90000E-06,+425.00000000000E+00,-250.00000000E-03,+15.62499999999E+00
-32.88000E-06,+424.99999999978E+00,-250.00000000E-03,+15.31250000001E+00
-32.86000E-06,+412.50000000022E+00,-250.00000001E-03,+15.62499999999E+00
-32.84000E-06,+424.99999999989E+00,-562.50000000E-03,+15.31250000001E+00
-32.82000E-06,+418.75000000011E+00,-562.49999999E-03,+15.62499999999E+00
-32.80000E-06,+424.99999999989E+00,-250.00000000E-03,+15.31250000000E+00
-32.78000E-06,+418.75000000023E+00,-250.00000000E-03,+15.31250000000E+00
-32.76000E-06,+431.24999999977E+00,-250.00000000E-03,+15.31250000000E+00
-32.74000E-06,+418.75000000012E+00,-250.00000001E-03,+15.31250000000E+00
-32.72000E-06,+425.00000000000E+00,-562.50000000E-03,+15.31250000000E+00
-32.70000E-06,+425.00000000000E+00,-562.50000000E-03,+15.31250000001E+00
-32.68000E-06,+425.00000000000E+00,-562.49999999E-03,+15.62499999999E+00
-32.66000E-06,+425.00000000000E+00,-250.00000001E-03,+15.31250000001E+00
-32.64000E-06,+425.00000000000E+00,-562.50000000E-03,+15.62500000000E+00
-32.62000E-06,+424.99999999988E+00,-562.49999999E-03,+15.62500000000E+00
-32.60000E-06,+418.75000000012E+00,-250.00000001E-03,+15.62499999999E+00
-32.58000E-06,+425.00000000000E+00,-562.50000000E-03,+15.31250000000E+00
-32.56000E-06,+424.99999999987E+00,-562.50000000E-03,+15.31249999999E+00
-32.54000E-06,+418.75000000013E+00,-562.49999999E-03,+15.00000000000E+00
-32.52000E-06,+424.99999999987E+00,-250.00000000E-03,+15.00000000001E+00
-32.50000E-06,+418.75000000000E+00,-250.00000001E-03,+15.31249999999E+00
-32.48000E-06,+418.75000000013E+00,-562.49999999E-03,+15.00000000001E+00
-32.46000E-06,+424.99999999987E+00,-250.00000001E-03,+15.31249999999E+00
-32.44000E-06,+418.75000000013E+00,-562.50000000E-03,+15.00000000001E+00
-32.42000E-06,+425.00000000000E+00,-562.50000000E-03,+15.62500000000E+00
-32.40000E-06,+424.99999999987E+00,-562.49999999E-03,+15.62499999999E+00
-32.38000E-06,+418.75000000000E+00,-250.00000000E-03,+15.31250000000E+00
-32.36000E-06,+418.75000000000E+00,-250.00000001E-03,+15.31250000000E+00
-32.34000E-06,+418.75000000014E+00,-562.50000000E-03,+15.31250000000E+00
-32.32000E-06,+425.00000000000E+00,-562.49999999E-03,+15.31250000001E+00
-32.30000E-06,+425.00000000000E+00,-250.00000001E-03,+15.62500000000E+00
-32.28000E-06,+425.00000000000E+00,-562.50000000E-03,+15.62500000000E+00
-32.26000E-06,+424.99999999986E+00,-562.50000000E-03,+15.62499999999E+00
-32.24000E-06,+418.75000000000E+00,-562.50000000E-03,+15.00000000001E+00
-32.22000E-06,+418.75000000014E+00,-562.50000001E-03,+15.31250000001E+00
-32.20000E-06,+424.99999999986E+00,-874.99999999E-03,+15.62500000000E+00
-32.18000E-06,+418.75000000015E+00,-250.00000001E-03,+15.62499999999E+00
-32.16000E-06,+424.99999999985E+00,-562.50000000E-03,+15.31250000000E+00
-32.14000E-06,+418.75000000015E+00,-562.49999999E-03,+15.31250000000E+00
-32.12000E-06,+424.99999999985E+00,-250.00000000E-03,+15.31249999999E+00
-32.10000E-06,+418.74999999985E+00,-250.00000001E-03,+15.00000000002E+00
-32.08000E-06,+412.50000000015E+00,-562.49999999E-03,+15.62499999999E+00
-32.06000E-06,+418.75000000000E+00,-250.00000000E-03,+15.31250000000E+00
-32.04000E-06,+418.74999999985E+00,-250.00000001E-03,+15.31250000000E+00
-32.02000E-06,+412.50000000015E+00,-562.50000000E-03,+15.31250000001E+00
-32.00000E-06,+418.74999999985E+00,-562.50000000E-03,+15.62499999999E+00
-31.98000E-06,+412.50000000016E+00,-562.50000001E-03,+15.31250000000E+00
-31.96000E-06,+418.75000000000E+00,-874.99999999E-03,+15.31250000001E+00
-31.94000E-06,+418.74999999984E+00,-562.49999999E-03,+15.62499999999E+00
-31.92000E-06,+412.50000000000E+00,-250.00000000E-03,+15.31250000000E+00
-31.90000E-06,+412.50000000000E+00,-250.00000000E-03,+15.31250000000E+00
-31.88000E-06,+412.50000000000E+00,-249.99999999E-03,+15.31250000000E+00
-31.86000E-06,+412.50000000016E+00,+62.49999998E-03,+15.31250000000E+00
-31.84000E-06,+418.75000000000E+00,-562.49999999E-03,+15.31250000001E+00
-31.82000E-06,+418.74999999984E+00,-250.00000001E-03,+15.62499999999E+00
-31.80000E-06,+412.50000000017E+00,-562.49999999E-03,+15.31250000000E+00
-31.78000E-06,+418.75000000000E+00,-250.00000001E-03,+15.31250000000E+00
-31.76000E-06,+418.75000000000E+00,-562.49999999E-03,+15.31250000001E+00
-31.74000E-06,+418.75000000000E+00,-250.00000001E-03,+15.62499999999E+00
-31.72000E-06,+418.75000000000E+00,-562.50000000E-03,+15.31250000001E+00
-31.70000E-06,+418.74999999983E+00,-562.50000000E-03,+15.62499999999E+00
-31.68000E-06,+412.50000000017E+00,-562.50000000E-03,+15.31250000001E+00
-31.66000E-06,+418.74999999983E+00,-562.50000000E-03,+15.62499999999E+00
-31.64000E-06,+412.50000000000E+00,-562.50000001E-03,+15.31250000001E+00
-31.62000E-06,+412.50000000017E+00,-874.99999999E-03,+15.62499999999E+00
-31.60000E-06,+418.74999999983E+00,-562.49999999E-03,+15.31250000001E+00
-31.58000E-06,+412.50000000018E+00,-250.00000001E-03,+15.62499999999E+00
-31.56000E-06,+418.75000000000E+00,-562.50000000E-03,+15.31249999999E+00
-31.54000E-06,+418.75000000000E+00,-562.50000001E-03,+15.00000000001E+00
-31.52000E-06,+418.74999999982E+00,-874.99999999E-03,+15.31250000000E+00
-31.50000E-06,+412.50000000000E+00,-562.50000000E-03,+15.31250000000E+00
-31.48000E-06,+412.50000000000E+00,-562.49999999E-03,+15.31250000001E+00
-31.46000E-06,+412.50000000018E+00,-250.00000000E-03,+15.62500000000E+00
-31.44000E-06,+418.74999999982E+00,-250.00000001E-03,+15.62499999999E+00
-31.42000E-06,+412.50000000037E+00,-562.49999999E-03,+15.31250000001E+00
-31.40000E-06,+424.99999999963E+00,-250.00000001E-03,+15.62500000000E+00
-31.38000E-06,+412.50000000019E+00,-562.50000000E-03,+15.62500000000E+00
-31.36000E-06,+418.74999999981E+00,-562.50000000E-03,+15.62499999999E+00
-31.34000E-06,+412.50000000019E+00,-562.49999999E-03,+15.31250000000E+00
-31.32000E-06,+418.75000000000E+00,-249.99999997E-03,+15.31250000000E+00
-31.30000E-06,+418.75000000000E+00,+687.50000004E-03,+15.31250000000E+00
-31.28000E-06,+418.74999999962E+00,+1.93750000006E+00,+15.31250000000E+00
-31.26000E-06,+406.24999999636E+00,+3.81250000004E+00,+15.31250000002E+00
-31.24000E-06,+287.49999999500E+00,+5.06250000000E+00,+15.93750000000E+00
-31.22000E-06,+124.99999999729E+00,+5.06249999997E+00,+15.93750000000E+00
-31.20000E-06,+37.49999999903E+00,+4.12500000000E+00,+15.93750000000E+00
-31.18000E-06,+6.25000000000E+00,+4.12499999998E+00,+15.93749999998E+00
-31.16000E-06,+6.24999999980E+00,+3.49999999998E+00,+15.31249999998E+00
-31.14000E-06,-200E-12,+2.87500000000E+00,+14.68749999998E+00
-31.12000E-06,-6.25000000000E+00,+2.87500000004E+00,+14.06250000000E+00
-31.10000E-06,-6.25000000020E+00,+4.12500000007E+00,+14.06249999999E+00
-31.08000E-06,-12.49999999960E+00,+6.31250000003E+00,+13.75000000002E+00
-31.06000E-06,+0.0E+00,+7.25000000006E+00,+14.37500000003E+00
-31.04000E-06,-200E-12,+9.12500000003E+00,+15.31250000001E+00
-31.02000E-06,-6.25000000000E+00,+10.06250000002E+00,+15.62500000000E+00
-31.00000E-06,-6.24999999980E+00,+10.68750000002E+00,+15.62500000001E+00
-30.98000E-06,-210E-12,+11.31250000002E+00,+15.93750000000E+00
-30.96000E-06,-6.25000000000E+00,+11.93749999999E+00,+15.93750000001E+00
-30.94000E-06,-6.25000000021E+00,+11.62500000002E+00,+16.24999999995E+00
-30.92000E-06,-12.50000000021E+00,+12.24999999996E+00,+14.68750000003E+00
-30.90000E-06,-18.74999999979E+00,+11.00000000004E+00,+15.62499999998E+00
-30.88000E-06,-12.50000000000E+00,+12.25000000000E+00,+15.00000000000E+00
-30.86000E-06,-12.49999999979E+00,+12.25000000001E+00,+15.00000000000E+00
-30.84000E-06,-6.25000000000E+00,+12.56250000001E+00,+14.99999999999E+00
-30.82000E-06,-6.25000000021E+00,+12.87500000002E+00,+14.68750000001E+00
-30.80000E-06,-12.49999999979E+00,+13.50000000000E+00,+15.00000000002E+00
-30.78000E-06,-6.25000000022E+00,+13.50000000002E+00,+15.62500000000E+00
-30.76000E-06,-12.49999999978E+00,+14.12500000000E+00,+15.62500000001E+00
-30.74000E-06,-6.25000000022E+00,+14.12500000002E+00,+15.93749999999E+00
-30.72000E-06,-12.49999999978E+00,+14.74999999996E+00,+15.62500000001E+00
-30.70000E-06,-6.25000000000E+00,+13.50000000001E+00,+15.93749999996E+00
-30.68000E-06,-6.25000000000E+00,+13.81250000003E+00,+14.68750000001E+00
-30.66000E-06,-6.25000000000E+00,+14.74999999998E+00,+15.00000000000E+00
-30.64000E-06,-6.25000000000E+00,+14.12500000000E+00,+15.00000000000E+00
-30.62000E-06,-6.25000000045E+00,+14.12500000000E+00,+15.00000000001E+00
-30.60000E-06,-18.74999999978E+00,+14.12500000000E+00,+15.31250000001E+00
-30.58000E-06,-12.50000000023E+00,+14.12500000001E+00,+15.62499999998E+00
-30.56000E-06,-18.74999999977E+00,+14.43750000000E+00,+15.00000000002E+00
-30.54000E-06,-12.50000000000E+00,+14.43750000002E+00,+15.62500000000E+00
-30.52000E-06,-12.50000000000E+00,+15.06249999998E+00,+15.62500000000E+00
-30.50000E-06,-12.50000000000E+00,+14.43750000002E+00,+15.62500000000E+00
-30.48000E-06,-12.49999999977E+00,+15.06249999998E+00,+15.62500000000E+00
-30.46000E-06,-6.25000000023E+00,+14.43750000001E+00,+15.62499999999E+00
-30.44000E-06,-12.50000000000E+00,+14.74999999998E+00,+15.31249999999E+00
-30.42000E-06,-12.50000000000E+00,+14.12500000001E+00,+15.00000000000E+00
-30.40000E-06,-12.49999999977E+00,+14.43750000000E+00,+15.00000000001E+00
-30.38000E-06,-6.25000000000E+00,+14.43750000001E+00,+15.31250000001E+00
-30.36000E-06,-6.25000000046E+00,+14.75000000000E+00,+15.62499999999E+00
-30.34000E-06,-18.74999999977E+00,+14.75000000000E+00,+15.31250000000E+00
-30.32000E-06,-12.50000000000E+00,+14.74999999999E+00,+15.31250000000E+00
-30.30000E-06,-12.49999999977E+00,+14.43750000001E+00,+15.31250000000E+00
-30.28000E-06,-6.25000000023E+00,+14.75000000000E+00,+15.31250000000E+00
-30.26000E-06,-12.50000000000E+00,+14.75000000001E+00,+15.31250000001E+00
-30.24000E-06,-12.50000000000E+00,+15.06249999999E+00,+15.62499999998E+00
-30.22000E-06,-12.50000000000E+00,+14.74999999999E+00,+15.00000000000E+00
-30.20000E-06,-12.50000000000E+00,+14.43750000000E+00,+15.00000000000E+00
-30.18000E-06,-12.50000000000E+00,+14.43750000001E+00,+15.00000000000E+00
-30.16000E-06,-12.49999999977E+00,+14.75000000000E+00,+15.00000000002E+00
-30.14000E-06,-6.25000000023E+00,+14.75000000000E+00,+15.62499999998E+00
-30.12000E-06,-12.50000000000E+00,+14.75000000000E+00,+15.00000000002E+00
-30.10000E-06,-12.49999999977E+00,+14.75000000001E+00,+15.62499999999E+00
-30.08000E-06,-6.25000000045E+00,+15.06250000000E+00,+15.31250000000E+00
-30.06000E-06,-18.74999999977E+00,+15.06249999999E+00,+15.31250000000E+00
-30.04000E-06,-12.50000000000E+00,+14.74999999999E+00,+15.31250000001E+00
-30.02000E-06,-12.50000000000E+00,+14.43750000001E+00,+15.62499999999E+00
-30.00000E-06,-12.50000000000E+00,+14.75000000000E+00,+15.31249999999E+00
-29.98000E-06,-12.50000000023E+00,+14.74999999999E+00,+15.00000000001E+00
-29.96000E-06,-18.74999999977E+00,+14.43750000000E+00,+15.31250000001E+00
-29.94000E-06,-12.50000000000E+00,+14.43750000000E+00,+15.62499999999E+00
-29.92000E-06,-12.49999999977E+00,+14.43750000000E+00,+15.31249999999E+00
-29.90000E-06,-6.25000000023E+00,+14.43750000001E+00,+15.00000000000E+00
-29.88000E-06,-12.50000000023E+00,+14.75000000000E+00,+15.00000000001E+00
-29.86000E-06,-18.75000000000E+00,+14.75000000000E+00,+15.31250000000E+00
-29.84000E-06,-18.74999999955E+00,+14.75000000000E+00,+15.31249999999E+00
-29.82000E-06,-6.25000000023E+00,+14.75000000000E+00,+15.00000000001E+00
-29.80000E-06,-12.50000000000E+00,+14.75000000000E+00,+15.31250000001E+00
-29.78000E-06,-12.49999999977E+00,+14.75000000000E+00,+15.62499999999E+00
-29.76000E-06,-6.25000000023E+00,+14.74999999999E+00,+15.31250000001E+00
-29.74000E-06,-12.50000000000E+00,+14.43750000001E+00,+15.62499999999E+00
-29.72000E-06,-12.50000000000E+00,+14.74999999999E+00,+15.31250000000E+00
-29.70000E-06,-12.50000000023E+00,+14.43750000001E+00,+15.31250000000E+00
-29.68000E-06,-18.74999999977E+00,+14.75000000000E+00,+15.31250000000E+00
-29.66000E-06,-12.49999999977E+00,+14.75000000000E+00,+15.31250000000E+00
-29.64000E-06,-6.25000000023E+00,+14.74999999999E+00,+15.31250000000E+00
-29.62000E-06,-12.50000000000E+00,+14.43750000001E+00,+15.31250000000E+00
-29.60000E-06,-12.49999999977E+00,+14.75000000000E+00,+15.31250000000E+00
-29.58000E-06,-6.25000000023E+00,+14.75000000000E+00,+15.31250000000E+00
-29.56000E-06,-12.50000000000E+00,+14.74999999999E+00,+15.31250000001E+00
-29.54000E-06,-12.50000000000E+00,+14.43750000000E+00,+15.62499999998E+00
-29.52000E-06,-12.50000000000E+00,+14.43750000000E+00,+15.00000000002E+00
-29.50000E-06,-12.50000000023E+00,+14.43750000001E+00,+15.62499999999E+00
-29.48000E-06,-18.74999999955E+00,+14.74999999999E+00,+15.31250000000E+00
-29.46000E-06,-6.25000000023E+00,+14.43750000001E+00,+15.31249999999E+00
-29.44000E-06,-12.50000000000E+00,+14.74999999999E+00,+15.00000000001E+00
-29.42000E-06,-12.50000000000E+00,+14.43750000001E+00,+15.31250000000E+00
-29.40000E-06,-12.49999999978E+00,+14.75000000000E+00,+15.31250000000E+00
-29.38000E-06,-6.25000000000E+00,+14.75000000000E+00,+15.31249999999E+00
-29.36000E-06,-6.25000000000E+00,+14.74999999999E+00,+15.00000000001E+00
-29.34000E-06,-6.25000000022E+00,+14.43750000001E+00,+15.31249999999E+00
-29.32000E-06,-12.49999999978E+00,+14.74999999999E+00,+15.00000000001E+00
-29.30000E-06,-6.25000000045E+00,+14.43750000001E+00,+15.31249999999E+00
-29.28000E-06,-18.74999999978E+00,+14.74999999999E+00,+15.00000000001E+00
-29.26000E-06,-12.50000000000E+00,+14.43750000001E+00,+15.31249999999E+00
-29.24000E-06,-12.50000000022E+00,+14.75000000000E+00,+15.00000000001E+00
-29.22000E-06,-18.75000000000E+00,+14.75000000000E+00,+15.31249999999E+00
-29.20000E-06,-18.74999999978E+00,+14.74999999999E+00,+15.00000000000E+00
-29.18000E-06,-12.50000000000E+00,+14.43750000001E+00,+15.00000000001E+00
-29.16000E-06,-12.50000000000E+00,+14.75000000000E+00,+15.31250000000E+00
-29.14000E-06,-12.49999999978E+00,+14.75000000001E+00,+15.31250000000E+00
-29.12000E-06,-6.25000000000E+00,+15.06249999998E+00,+15.31250000000E+00
-29.10000E-06,-6.25000000022E+00,+14.43750000001E+00,+15.31250000000E+00
-29.08000E-06,-12.50000000022E+00,+14.74999999999E+00,+15.31250000000E+00
-29.06000E-06,-18.75000000000E+00,+14.43750000001E+00,+15.31249999999E+00
-29.04000E-06,-18.74999999978E+00,+14.74999999999E+00,+15.00000000001E+00
-29.02000E-06,-12.50000000000E+00,+14.43750000001E+00,+15.31249999999E+00
-29.00000E-06,-12.50000000022E+00,+14.74999999999E+00,+15.00000000001E+00
-28.98000E-06,-18.74999999978E+00,+14.43750000001E+00,+15.31249999999E+00
-28.96000E-06,-12.50000000000E+00,+14.75000000001E+00,+15.00000000001E+00
-28.94000E-06,-12.49999999978E+00,+15.06249999999E+00,+15.31250000000E+00
-28.92000E-06,-6.25000000022E+00,+14.74999999999E+00,+15.31249999999E+00
-28.90000E-06,-12.49999999978E+00,+14.43750000001E+00,+15.00000000001E+00
-28.88000E-06,-6.25000000022E+00,+14.74999999999E+00,+15.31250000000E+00
-28.86000E-06,-12.50000000000E+00,+14.43750000001E+00,+15.31249999999E+00
-28.84000E-06,-12.49999999978E+00,+14.75000000000E+00,+15.00000000001E+00
-28.82000E-06,-6.25000000000E+00,+14.75000000000E+00,+15.31250000000E+00
-28.80000E-06,-6.25000000022E+00,+14.74999999999E+00,+15.31249999999E+00
-28.78000E-06,-12.50000000022E+00,+14.43750000001E+00,+15.00000000001E+00
-28.76000E-06,-18.74999999978E+00,+14.75000000000E+00,+15.31250000000E+00
-28.74000E-06,-12.50000000000E+00,+14.75000000000E+00,+15.31249999999E+00
-28.72000E-06,-12.50000000000E+00,+14.74999999999E+00,+15.00000000001E+00
-28.70000E-06,-12.50000000000E+00,+14.43750000001E+00,+15.31249999999E+00
-28.68000E-06,-12.50000000000E+00,+14.74999999999E+00,+15.00000000000E+00
-28.66000E-06,-12.49999999978E+00,+14.43750000001E+00,+15.00000000000E+00
-28.64000E-06,-6.25000000000E+00,+14.74999999999E+00,+15.00000000001E+00
-28.62000E-06,-6.25000000022E+00,+14.43750000002E+00,+15.31249999999E+00
-28.60000E-06,-12.50000000000E+00,+15.06249999998E+00,+15.00000000000E+00
-28.58000E-06,-12.50000000000E+00,+14.43750000001E+00,+15.00000000000E+00
-28.56000E-06,-12.49999999978E+00,+14.75000000000E+00,+15.00000000001E+00
-28.54000E-06,-6.25000000022E+00,+14.75000000000E+00,+15.31250000001E+00
-28.52000E-06,-12.50000000000E+00,+14.74999999999E+00,+15.62500000000E+00
-28.50000E-06,-12.49999999978E+00,+14.43750000001E+00,+15.62499999999E+00
-28.48000E-06,-6.25000000022E+00,+14.75000000000E+00,+15.31249999999E+00
-28.46000E-06,-12.50000000022E+00,+14.75000000001E+00,+15.00000000002E+00
-28.44000E-06,-18.74999999978E+00,+15.06249999998E+00,+15.62499999998E+00
-28.42000E-06,-12.50000000000E+00,+14.43750000001E+00,+15.00000000001E+00
-28.40000E-06,-12.49999999978E+00,+14.75000000000E+00,+15.31250000000E+00
-28.38000E-06,-6.25000000000E+00,+14.75000000000E+00,+15.31249999999E+00
-28.36000E-06,-6.25000000022E+00,+14.74999999999E+00,+15.00000000002E+00
-28.34000E-06,-12.50000000000E+00,+14.43750000001E+00,+15.62499999999E+00
-28.32000E-06,-12.49999999978E+00,+14.74999999999E+00,+15.31250000000E+00
-28.30000E-06,-6.25000000000E+00,+14.43750000001E+00,+15.31249999999E+00
-28.28000E-06,-6.25000000022E+00,+14.75000000000E+00,+15.00000000000E+00
-28.26000E-06,-12.50000000000E+00,+14.75000000000E+00,+15.00000000000E+00
-28.24000E-06,-12.50000000000E+00,+14.75000000000E+00,+15.00000000001E+00
-28.22000E-06,-12.49999999978E+00,+14.75000000000E+00,+15.31249999999E+00
-28.20000E-06,-6.25000000044E+00,+14.75000000000E+00,+15.00000000001E+00
-28.18000E-06,-18.74999999978E+00,+14.75000000000E+00,+15.31249999999E+00
-28.16000E-06,-12.50000000000E+00,+14.74999999999E+00,+15.00000000001E+00
-28.14000E-06,-12.50000000022E+00,+14.43750000000E+00,+15.31249999999E+00
-28.12000E-06,-18.74999999956E+00,+14.43750000001E+00,+15.00000000000E+00
-28.10000E-06,-6.25000000000E+00,+14.75000000000E+00,+15.00000000000E+00
-28.08000E-06,-6.25000000022E+00,+14.75000000000E+00,+15.00000000000E+00
-28.06000E-06,-12.50000000000E+00,+14.74999999999E+00,+15.00000000001E+00
-28.04000E-06,-12.50000000000E+00,+14.43750000001E+00,+15.31250000000E+00
-28.02000E-06,-12.50000000022E+00,+14.75000000000E+00,+15.31250000000E+00
-28.00000E-06,-18.74999999956E+00,+14.75000000000E+00,+15.31249999999E+00
-27.98000E-06,-6.25000000044E+00,+14.75000000000E+00,+15.00000000001E+00
-27.96000E-06,-18.75000000000E+00,+14.74999999999E+00,+15.31249999999E+00
-27.94000E-06,-18.74999999956E+00,+14.43749999999E+00,+15.00000000001E+00
-27.92000E-06,-6.25000000000E+00,+14.12499999998E+00,+15.31249999999E+00
-27.90000E-06,-6.25000000022E+00,+13.49999999994E+00,+15.00000000001E+00
-27.88000E-06,-12.50000000000E+00,+11.93749999994E+00,+15.31249999999E+00
-27.86000E-06,-12.50000000000E+00,+10.37499999997E+00,+15.00000000000E+00
-27.84000E-06,-12.50000000000E+00,+9.43749999996E+00,+15.00000000001E+00
-27.82000E-06,-12.50000000000E+00,+8.18749999997E+00,+15.31249999999E+00
-27.80000E-06,-12.49999999978E+00,+7.24999999996E+00,+15.00000000001E+00
-27.78000E-06,-6.25000000000E+00,+5.99999999998E+00,+15.31249999999E+00
-27.76000E-06,-6.25000000022E+00,+5.37499999997E+00,+15.00000000001E+00
-27.74000E-06,-12.50000000000E+00,+4.43749999998E+00,+15.31249999999E+00
-27.72000E-06,-12.50000000000E+00,+3.81249999999E+00,+15.00000000000E+00
-27.70000E-06,-12.49999999978E+00,+3.49999999998E+00,+15.00000000001E+00
-27.68000E-06,-6.25000000022E+00,+2.87500000001E+00,+15.31249999999E+00
-27.66000E-06,-12.49999999956E+00,+3.18749999998E+00,+15.00000000000E+00
-27.64000E-06,-440E-12,+2.56250000001E+00,+15.00000000002E+00
-27.62000E-06,-12.49999999978E+00,+2.87499999999E+00,+15.62499999998E+00
-27.60000E-06,-6.24999999978E+00,+2.56250000001E+00,+15.00000000001E+00
-27.58000E-06,+0.0E+00,+2.87499999999E+00,+15.31249999999E+00
-27.56000E-06,+0.0E+00,+2.56250000000E+00,+15.00000000001E+00
-27.54000E-06,+220E-12,+2.56250000000E+00,+15.31250000000E+00
-27.52000E-06,+6.24999999978E+00,+2.56250000000E+00,+15.31249999999E+00
-27.50000E-06,+220E-12,+2.56249999999E+00,+15.00000000001E+00
-27.48000E-06,+6.25000000044E+00,+2.24999999999E+00,+15.31249999999E+00
-27.46000E-06,+18.75000000044E+00,+1.93750000000E+00,+15.00000000001E+00
-27.44000E-06,+31.25000000022E+00,+1.93749999998E+00,+15.31250000000E+00
-27.42000E-06,+37.50000000044E+00,+1.31249999999E+00,+15.31250000000E+00
-27.40000E-06,+50.00000000066E+00,+1.00000000000E+00,+15.31250000000E+00
-27.38000E-06,+68.75000000000E+00,+1.00000000000E+00,+15.31249999999E+00
-27.36000E-06,+68.75000000044E+00,+999.99999999E-03,+15.00000000001E+00
-27.34000E-06,+81.25000000044E+00,+687.49999999E-03,+15.31249999999E+00
-27.32000E-06,+93.75000000000E+00,+375.00000000E-03,+15.00000000000E+00
-27.30000E-06,+93.75000000066E+00,+375.00000000E-03,+15.00000000000E+00
-27.28000E-06,+112.50000000022E+00,+374.99999999E-03,+15.00000000001E+00
-27.26000E-06,+118.75000000065E+00,+62.49999999E-03,+15.31249999999E+00
-27.24000E-06,+137.50000000044E+00,-249.99999999E-03,+15.00000000002E+00
-27.22000E-06,+150.00000000044E+00,+62.50000000E-03,+15.62499999998E+00
-27.20000E-06,+162.50000000022E+00,+62.50000000E-03,+15.00000000000E+00
-27.18000E-06,+168.75000000044E+00,+62.50000000E-03,+15.00000000001E+00
-27.16000E-06,+181.25000000065E+00,+62.50000000E-03,+15.31250000000E+00
-27.14000E-06,+200.00000000000E+00,+62.49999999E-03,+15.31250000000E+00
-27.12000E-06,+200.00000000044E+00,-250.00000000E-03,+15.31250000000E+00
-27.10000E-06,+212.50000000022E+00,-250.00000000E-03,+15.31249999999E+00
-27.08000E-06,+218.75000000065E+00,-249.99999999E-03,+15.00000000001E+00
-27.06000E-06,+237.50000000022E+00,+62.49999999E-03,+15.31249999999E+00
-27.04000E-06,+243.75000000044E+00,-249.99999999E-03,+15.00000000002E+00
-27.02000E-06,+256.25000000044E+00,+62.49999999E-03,+15.62499999998E+00
-27.00000E-06,+268.75000000065E+00,-250.00000000E-03,+15.00000000000E+00
-26.98000E-06,+287.50000000022E+00,-250.00000000E-03,+15.00000000000E+00
-26.96000E-06,+293.75000000044E+00,-250.00000000E-03,+15.00000000001E+00
-26.94000E-06,+306.25000000022E+00,-250.00000000E-03,+15.31249999999E+00
-26.92000E-06,+312.50000000044E+00,-250.00000000E-03,+15.00000000001E+00
-26.90000E-06,+325.00000000044E+00,-249.99999999E-03,+15.31249999999E+00
-26.88000E-06,+337.50000000043E+00,+62.49999999E-03,+15.00000000000E+00
-26.86000E-06,+350.00000000022E+00,-250.00000000E-03,+15.00000000000E+00
-26.84000E-06,+356.25000000043E+00,-250.00000000E-03,+15.00000000001E+00
-26.82000E-06,+368.75000000043E+00,-249.99999999E-03,+15.31250000000E+00
-26.80000E-06,+381.25000000043E+00,+62.49999999E-03,+15.31249999999E+00
-26.78000E-06,+393.75000000065E+00,-250.00000001E-03,+15.00000000000E+00
-26.76000E-06,+412.50000000022E+00,-562.49999999E-03,+15.00000000001E+00
-26.74000E-06,+418.75000000022E+00,-250.00000000E-03,+15.31249999999E+00
-26.72000E-06,+425.00000000043E+00,-250.00000000E-03,+15.00000000001E+00
-26.70000E-06,+437.50000000043E+00,-250.00000000E-03,+15.31249999999E+00
-26.68000E-06,+450.00000000043E+00,-250.00000000E-03,+15.00000000001E+00
-26.66000E-06,+462.50000000022E+00,-250.00000000E-03,+15.31249999999E+00
-26.64000E-06,+468.75000000022E+00,-249.99999999E-03,+15.00000000001E+00
-26.62000E-06,+475.00000000065E+00,+62.50000000E-03,+15.31250000000E+00
-26.60000E-06,+493.75000000043E+00,+62.50000000E-03,+15.31250000000E+00
-26.58000E-06,+506.25000000043E+00,+62.49999999E-03,+15.31249999999E+00
-26.56000E-06,+518.75000000000E+00,-249.99999999E-03,+15.00000000001E+00
-26.54000E-06,+518.75000000043E+00,+62.49999999E-03,+15.31250000000E+00
-26.52000E-06,+531.25000000000E+00,-250.00000001E-03,+15.31250000001E+00
-26.50000E-06,+531.25000000065E+00,-562.49999999E-03,+15.62499999998E+00
-26.48000E-06,+550.00000000000E+00,-250.00000000E-03,+15.00000000002E+00
-26.46000E-06,+550.00000000000E+00,-250.00000000E-03,+15.62499999999E+00
-26.44000E-06,+550.00000000043E+00,-250.00000000E-03,+15.31250000000E+00
-26.42000E-06,+562.50000000043E+00,-250.00000000E-03,+15.31250000000E+00
-26.40000E-06,+575.00000000022E+00,-249.99999999E-03,+15.31250000000E+00
-26.38000E-06,+581.25000000000E+00,+62.49999999E-03,+15.31249999999E+00
-26.36000E-06,+581.24999999978E+00,-250.00000000E-03,+15.00000000002E+00
-26.34000E-06,+575.00000000022E+00,-250.00000000E-03,+15.62499999999E+00
-26.32000E-06,+581.25000000000E+00,-250.00000000E-03,+15.31250000001E+00
-26.30000E-06,+581.25000000022E+00,-250.00000000E-03,+15.62500000000E+00
-26.28000E-06,+587.50000000000E+00,-250.00000000E-03,+15.62499999999E+00
-26.26000E-06,+587.49999999979E+00,-250.00000001E-03,+15.31250000000E+00
-26.24000E-06,+581.25000000022E+00,-562.49999999E-03,+15.31250000000E+00
-26.22000E-06,+587.49999999957E+00,-250.00000001E-03,+15.31249999999E+00
-26.20000E-06,+575.00000000000E+00,-562.49999999E-03,+15.00000000001E+00
-26.18000E-06,+575.00000000000E+00,-250.00000000E-03,+15.31250000000E+00
-26.16000E-06,+574.99999999979E+00,-250.00000001E-03,+15.31250000000E+00
-26.14000E-06,+568.74999999979E+00,-562.49999999E-03,+15.31250000001E+00
-26.12000E-06,+562.50000000000E+00,-250.00000000E-03,+15.62500000000E+00
-26.10000E-06,+562.49999999979E+00,-250.00000001E-03,+15.62500000000E+00
-26.08000E-06,+556.24999999979E+00,-562.49999999E-03,+15.62499999999E+00
-26.06000E-06,+549.99999999979E+00,-250.00000001E-03,+15.31249999999E+00
-26.04000E-06,+543.74999999979E+00,-562.49999999E-03,+15.00000000002E+00
-26.02000E-06,+537.49999999979E+00,-250.00000001E-03,+15.62499999998E+00
-26.00000E-06,+531.24999999957E+00,-562.49999999E-03,+15.00000000002E+00
-25.98000E-06,+518.74999999936E+00,-250.00000001E-03,+15.62500000000E+00
-25.96000E-06,+500.00000000000E+00,-562.50000000E-03,+15.62500000000E+00
-25.94000E-06,+499.99999999957E+00,-562.50000000E-03,+15.62499999999E+00
-25.92000E-06,+487.49999999957E+00,-562.50000000E-03,+15.31250000000E+00
-25.90000E-06,+474.99999999979E+00,-562.50000001E-03,+15.31250000000E+00
-25.88000E-06,+468.74999999979E+00,-874.99999999E-03,+15.31250000000E+00
-25.86000E-06,+462.49999999936E+00,-562.50000000E-03,+15.31249999999E+00
-25.84000E-06,+443.74999999957E+00,-562.50000000E-03,+15.00000000002E+00
-25.82000E-06,+431.24999999979E+00,-562.50000000E-03,+15.62499999999E+00
-25.80000E-06,+424.99999999957E+00,-562.50000001E-03,+15.31250000000E+00
-25.78000E-06,+412.49999999979E+00,-874.99999999E-03,+15.31250000000E+00
-25.76000E-06,+406.24999999979E+00,-562.50000000E-03,+15.31250000001E+00
-25.74000E-06,+399.99999999957E+00,-562.50000000E-03,+15.62499999999E+00
-25.72000E-06,+387.50000000000E+00,-562.50000001E-03,+15.31249999999E+00
-25.70000E-06,+387.49999999979E+00,-875.00000000E-03,+15.00000000001E+00
-25.68000E-06,+381.24999999957E+00,-875.00000000E-03,+15.31249999999E+00
-25.66000E-06,+368.74999999979E+00,-875.00000000E-03,+15.00000000001E+00
-25.64000E-06,+362.50000000000E+00,-874.99999999E-03,+15.31250000000E+00
-25.62000E-06,+362.49999999979E+00,-562.50000000E-03,+15.31249999999E+00
-25.60000E-06,+356.24999999979E+00,-562.49999999E-03,+15.00000000001E+00
-25.58000E-06,+350.00000000021E+00,-250.00000002E-03,+15.31250000000E+00
-25.56000E-06,+356.24999999957E+00,-874.99999999E-03,+15.31250000000E+00
-25.54000E-06,+343.75000000043E+00,-562.50000001E-03,+15.31250000000E+00
-25.52000E-06,+356.24999999936E+00,-874.99999999E-03,+15.31250000000E+00
-25.50000E-06,+337.50000000021E+00,-562.50000001E-03,+15.31249999999E+00
-25.48000E-06,+343.75000000021E+00,-874.99999998E-03,+15.00000000001E+00
-25.46000E-06,+349.99999999979E+00,-250.00000001E-03,+15.31250000000E+00
-25.44000E-06,+343.75000000021E+00,-562.50000000E-03,+15.31250000000E+00
-25.42000E-06,+349.99999999979E+00,-562.50000000E-03,+15.31250000000E+00
-25.40000E-06,+343.75000000000E+00,-562.50000000E-03,+15.31250000000E+00
-25.38000E-06,+343.75000000000E+00,-562.50000000E-03,+15.31249999999E+00
-25.36000E-06,+343.75000000000E+00,-562.49999998E-03,+15.00000000001E+00
-25.34000E-06,+343.75000000064E+00,+62.49999998E-03,+15.31250000000E+00
-25.32000E-06,+362.49999999979E+00,-562.49999999E-03,+15.31250000000E+00
-25.30000E-06,+356.25000000000E+00,-250.00000001E-03,+15.31250000000E+00
-25.28000E-06,+356.25000000000E+00,-562.50000000E-03,+15.31250000001E+00
-25.26000E-06,+356.24999999979E+00,-562.50000000E-03,+15.62499999998E+00
-25.24000E-06,+350.00000000021E+00,-562.49999999E-03,+15.00000000000E+00
-25.22000E-06,+356.25000000000E+00,-250.00000001E-03,+15.00000000001E+00
-25.20000E-06,+356.25000000021E+00,-562.49999999E-03,+15.31249999999E+00
-25.18000E-06,+362.50000000021E+00,-250.00000001E-03,+15.00000000001E+00
-25.16000E-06,+368.74999999979E+00,-562.50000000E-03,+15.31249999999E+00
-25.14000E-06,+362.50000000021E+00,-562.49999999E-03,+15.00000000000E+00
-25.12000E-06,+368.75000000000E+00,-250.00000000E-03,+15.00000000000E+00
-25.10000E-06,+368.75000000021E+00,-250.00000002E-03,+15.00000000000E+00
-25.08000E-06,+375.00000000021E+00,-874.99999999E-03,+15.00000000001E+00
-25.06000E-06,+381.24999999979E+00,-562.49999999E-03,+15.31250000000E+00
-25.04000E-06,+375.00000000021E+00,-250.00000000E-03,+15.31250000000E+00
-25.02000E-06,+381.25000000042E+00,-250.00000000E-03,+15.31250000000E+00
-25.00000E-06,+393.75000000000E+00,-250.00000000E-03,+15.31249999999E+00
-24.98000E-06,+393.75000000021E+00,-250.00000001E-03,+15.00000000000E+00
-24.96000E-06,+400.00000000021E+00,-562.49999999E-03,+15.00000000001E+00
-24.94000E-06,+406.25000000000E+00,-250.00000000E-03,+15.31249999999E+00
-24.92000E-06,+406.24999999979E+00,-250.00000001E-03,+15.00000000001E+00
-24.90000E-06,+400.00000000063E+00,-562.50000000E-03,+15.31250000001E+00
-24.88000E-06,+418.75000000021E+00,-562.49999998E-03,+15.62499999999E+00
-24.86000E-06,+425.00000000000E+00,+62.49999999E-03,+15.31250000000E+00
-24.84000E-06,+425.00000000021E+00,-250.00000000E-03,+15.31249999999E+00
-24.82000E-06,+431.24999999979E+00,-250.00000000E-03,+15.00000000001E+00
-24.80000E-06,+425.00000000021E+00,-250.00000000E-03,+15.31250000000E+00
-24.78000E-06,+431.25000000042E+00,-250.00000000E-03,+15.31249999999E+00
-24.76000E-06,+443.74999999979E+00,-250.00000000E-03,+15.00000000002E+00
-24.74000E-06,+437.50000000021E+00,-250.00000001E-03,+15.62499999998E+00
-24.72000E-06,+443.75000000021E+00,-562.49999999E-03,+15.00000000001E+00
-24.70000E-06,+450.00000000021E+00,-250.00000001E-03,+15.31250000000E+00
-24.68000E-06,+456.25000000000E+00,-562.50000000E-03,+15.31250000000E+00
-24.66000E-06,+456.25000000021E+00,-562.50000000E-03,+15.31249999999E+00
-24.64000E-06,+462.49999999979E+00,-562.49999999E-03,+15.00000000002E+00
-24.62000E-06,+456.25000000021E+00,-250.00000001E-03,+15.62500000000E+00
-24.60000E-06,+462.50000000021E+00,-562.49999998E-03,+15.62499999999E+00
-24.58000E-06,+468.75000000000E+00,+62.49999998E-03,+15.31250000000E+00
-24.56000E-06,+468.75000000021E+00,-562.49999999E-03,+15.31250000000E+00
-24.54000E-06,+474.99999999979E+00,-250.00000001E-03,+15.31250000000E+00
-24.52000E-06,+468.75000000021E+00,-562.49999999E-03,+15.31250000001E+00
-24.50000E-06,+475.00000000000E+00,-250.00000001E-03,+15.62500000000E+00
-24.48000E-06,+474.99999999979E+00,-562.49999999E-03,+15.62499999999E+00
-24.46000E-06,+468.75000000021E+00,-250.00000000E-03,+15.31250000000E+00
-24.44000E-06,+475.00000000000E+00,-250.00000000E-03,+15.31250000000E+00
-24.42000E-06,+474.99999999979E+00,-250.00000000E-03,+15.31250000001E+00
-24.40000E-06,+468.75000000021E+00,-250.00000000E-03,+15.62499999999E+00
-24.38000E-06,+474.99999999979E+00,-250.00000000E-03,+15.31250000000E+00
-24.36000E-06,+468.75000000021E+00,-250.00000000E-03,+15.31249999999E+00
-24.34000E-06,+474.99999999979E+00,-250.00000000E-03,+15.00000000001E+00
-24.32000E-06,+468.75000000000E+00,-250.00000000E-03,+15.31250000000E+00
-24.30000E-06,+468.74999999979E+00,-250.00000001E-03,+15.31250000000E+00
-24.28000E-06,+462.50000000021E+00,-562.49999999E-03,+15.31250000000E+00
-24.26000E-06,+468.75000000000E+00,-250.00000000E-03,+15.31250000000E+00
-24.24000E-06,+468.75000000000E+00,-250.00000000E-03,+15.31250000001E+00
-24.22000E-06,+468.74999999979E+00,-250.00000001E-03,+15.62499999999E+00
-24.20000E-06,+462.50000000000E+00,-562.49999999E-03,+15.31249999999E+00
-24.18000E-06,+462.49999999979E+00,-250.00000001E-03,+15.00000000001E+00
-24.16000E-06,+456.25000000000E+00,-562.49999999E-03,+15.31250000000E+00
-24.14000E-06,+456.24999999979E+00,-250.00000000E-03,+15.31249999999E+00
-24.12000E-06,+450.00000000000E+00,-250.00000000E-03,+15.00000000000E+00
-24.10000E-06,+449.99999999979E+00,-250.00000001E-03,+15.00000000001E+00
-24.08000E-06,+443.75000000021E+00,-562.49999999E-03,+15.31250000001E+00
-24.06000E-06,+449.99999999979E+00,-250.00000001E-03,+15.62499999999E+00
-24.04000E-06,+443.74999999979E+00,-562.50000000E-03,+15.31249999999E+00
-24.02000E-06,+437.49999999979E+00,-562.49999999E-03,+15.00000000001E+00
-24.00000E-06,+431.24999999979E+00,-250.00000000E-03,+15.31250000000E+00
-23.98000E-06,+424.99999999979E+00,-250.00000002E-03,+15.31250000001E+00
-23.96000E-06,+418.75000000000E+00,-874.99999999E-03,+15.62499999999E+00
-23.94000E-06,+418.75000000000E+00,-562.50000001E-03,+15.31250000000E+00
-23.92000E-06,+418.74999999979E+00,-874.99999998E-03,+15.31249999999E+00
-23.90000E-06,+412.50000000000E+00,-250.00000002E-03,+15.00000000001E+00
-23.88000E-06,+412.49999999979E+00,-874.99999999E-03,+15.31249999999E+00
-23.86000E-06,+406.25000000000E+00,-562.50000001E-03,+15.00000000001E+00
-23.84000E-06,+406.24999999979E+00,-874.99999998E-03,+15.31250000000E+00
-23.82000E-06,+400.00000000000E+00,-250.00000001E-03,+15.31249999999E+00
-23.80000E-06,+400.00000000000E+00,-562.50000000E-03,+15.00000000002E+00
-23.78000E-06,+399.99999999979E+00,-562.50000000E-03,+15.62499999999E+00
-23.76000E-06,+393.75000000000E+00,-562.50000000E-03,+15.31250000001E+00
-23.74000E-06,+393.75000000021E+00,-562.50000001E-03,+15.62499999998E+00
-23.72000E-06,+399.99999999979E+00,-874.99999999E-03,+15.00000000000E+00
-23.70000E-06,+393.75000000000E+00,-562.50000000E-03,+15.00000000000E+00
-23.68000E-06,+393.75000000000E+00,-562.50000000E-03,+15.00000000000E+00
-23.66000E-06,+393.74999999959E+00,-562.50000000E-03,+15.00000000001E+00
-23.64000E-06,+381.25000000042E+00,-562.50000000E-03,+15.31250000000E+00
-23.62000E-06,+393.75000000000E+00,-562.50000000E-03,+15.31250000001E+00
-23.60000E-06,+393.74999999979E+00,-562.49999999E-03,+15.62499999999E+00
-23.58000E-06,+387.50000000021E+00,-250.00000002E-03,+15.31250000000E+00
-23.56000E-06,+393.74999999979E+00,-874.99999999E-03,+15.31249999999E+00
-23.54000E-06,+387.50000000021E+00,-562.50000000E-03,+15.00000000002E+00
-23.52000E-06,+393.74999999979E+00,-562.49999999E-03,+15.62500000000E+00
-23.50000E-06,+387.50000000021E+00,-250.00000001E-03,+15.62499999999E+00
-23.48000E-06,+393.75000000000E+00,-562.50000000E-03,+15.31249999999E+00
-23.46000E-06,+393.75000000000E+00,-562.50000000E-03,+15.00000000001E+00
-23.44000E-06,+393.75000000000E+00,-562.50000000E-03,+15.31250000000E+00
-23.42000E-06,+393.75000000000E+00,-562.50000000E-03,+15.31249999999E+00
-23.40000E-06,+393.75000000000E+00,-562.49999999E-03,+15.00000000002E+00
-23.38000E-06,+393.75000000021E+00,-250.00000000E-03,+15.62499999998E+00
-23.36000E-06,+399.99999999979E+00,-250.00000000E-03,+15.00000000000E+00
-23.34000E-06,+393.75000000021E+00,-250.00000001E-03,+15.00000000001E+00
-23.32000E-06,+399.99999999979E+00,-562.49999999E-03,+15.31250000000E+00
-23.30000E-06,+393.75000000021E+00,-250.00000001E-03,+15.31250000000E+00
-23.28000E-06,+400.00000000000E+00,-562.49999999E-03,+15.31250000000E+00
-23.26000E-06,+399.99999999979E+00,-250.00000002E-03,+15.31250000000E+00
-23.24000E-06,+393.75000000041E+00,-874.99999999E-03,+15.31250000001E+00
-23.22000E-06,+406.25000000000E+00,-562.50000000E-03,+15.62499999999E+00
-23.20000E-06,+406.25000000000E+00,-562.50000000E-03,+15.31250000001E+00
-23.18000E-06,+406.24999999979E+00,-562.49999999E-03,+15.62499999999E+00
-23.16000E-06,+400.00000000021E+00,-250.00000001E-03,+15.31250000000E+00
-23.14000E-06,+406.25000000021E+00,-562.50000000E-03,+15.31250000000E+00
-23.12000E-06,+412.50000000000E+00,-562.49999999E-03,+15.31250000001E+00
-23.10000E-06,+412.50000000021E+00,-250.00000002E-03,+15.62499999999E+00
-23.08000E-06,+418.74999999980E+00,-874.99999997E-03,+15.31250000001E+00
-23.06000E-06,+412.50000000021E+00,+62.49999999E-03,+15.62499999999E+00
-23.04000E-06,+418.75000000000E+00,-250.00000000E-03,+15.31250000000E+00
-23.02000E-06,+418.75000000021E+00,-250.00000000E-03,+15.31250000000E+00
-23.00000E-06,+425.00000000000E+00,-250.00000000E-03,+15.31250000001E+00
-22.98000E-06,+424.99999999980E+00,-250.00000001E-03,+15.62499999998E+00
-22.96000E-06,+418.75000000021E+00,-562.49999999E-03,+15.00000000000E+00
-22.94000E-06,+425.00000000000E+00,-250.00000000E-03,+15.00000000001E+00
-22.92000E-06,+425.00000000021E+00,-250.00000001E-03,+15.31250000001E+00
-22.90000E-06,+431.24999999959E+00,-562.50000000E-03,+15.62499999998E+00
-22.88000E-06,+418.75000000041E+00,-562.49999999E-03,+15.00000000001E+00
-22.86000E-06,+431.24999999980E+00,-250.00000000E-03,+15.31250000001E+00
-22.84000E-06,+425.00000000021E+00,-250.00000000E-03,+15.62499999999E+00
-22.82000E-06,+431.25000000021E+00,-250.00000001E-03,+15.31250000001E+00
-22.80000E-06,+437.49999999959E+00,-562.49999999E-03,+15.62499999998E+00
-22.78000E-06,+425.00000000041E+00,-250.00000000E-03,+15.00000000000E+00
-22.76000E-06,+437.50000000000E+00,-250.00000000E-03,+15.00000000002E+00
-22.74000E-06,+437.49999999980E+00,-250.00000001E-03,+15.62500000000E+00
-22.72000E-06,+431.25000000021E+00,-562.50000000E-03,+15.62499999999E+00
-22.70000E-06,+437.50000000000E+00,-562.50000000E-03,+15.31249999999E+00
-22.68000E-06,+437.50000000000E+00,-562.50000000E-03,+15.00000000001E+00
-22.66000E-06,+437.50000000000E+00,-562.50000000E-03,+15.31250000000E+00
-22.64000E-06,+437.50000000021E+00,-562.49999999E-03,+15.31249999999E+00
-22.62000E-06,+443.74999999980E+00,-250.00000001E-03,+15.00000000000E+00
-22.60000E-06,+437.50000000020E+00,-562.49999999E-03,+15.00000000001E+00
-22.58000E-06,+443.74999999980E+00,-250.00000001E-03,+15.31250000001E+00
-22.56000E-06,+437.50000000000E+00,-562.50000000E-03,+15.62500000000E+00
-22.54000E-06,+437.50000000000E+00,-562.50000000E-03,+15.62499999999E+00
-22.52000E-06,+437.50000000020E+00,-562.50000001E-03,+15.31250000001E+00
-22.50000E-06,+443.75000000000E+00,-874.99999999E-03,+15.62499999999E+00
-22.48000E-06,+443.74999999980E+00,-562.49999999E-03,+15.31250000000E+00
-22.46000E-06,+437.50000000020E+00,-250.00000001E-03,+15.31249999999E+00
-22.44000E-06,+443.75000000000E+00,-562.49999999E-03,+15.00000000001E+00
-22.42000E-06,+443.74999999980E+00,-250.00000001E-03,+15.31250000001E+00
-22.40000E-06,+437.49999999980E+00,-562.49999999E-03,+15.62500000000E+00
-22.38000E-06,+431.25000000020E+00,-250.00000001E-03,+15.62499999999E+00
-22.36000E-06,+437.49999999980E+00,-562.49999999E-03,+15.31250000000E+00
-22.34000E-06,+431.25000000020E+00,-250.00000001E-03,+15.31250000000E+00
-22.32000E-06,+437.49999999959E+00,-562.49999999E-03,+15.31250000000E+00
-22.30000E-06,+425.00000000020E+00,-250.00000001E-03,+15.31250000001E+00
-22.28000E-06,+431.25000000000E+00,-562.49999999E-03,+15.62499999998E+00
-22.26000E-06,+431.24999999980E+00,-250.00000000E-03,+15.00000000002E+00
-22.24000E-06,+425.00000000020E+00,-250.00000000E-03,+15.62500000000E+00
-22.22000E-06,+431.25000000000E+00,-250.00000001E-03,+15.62499999999E+00
-22.20000E-06,+431.24999999980E+00,-562.49999999E-03,+15.31250000001E+00
-22.18000E-06,+425.00000000000E+00,-250.00000001E-03,+15.62499999998E+00
-22.16000E-06,+424.99999999980E+00,-562.49999999E-03,+15.00000000001E+00
-22.14000E-06,+418.75000000000E+00,-250.00000001E-03,+15.31250000000E+00
-22.12000E-06,+418.75000000020E+00,-562.50000000E-03,+15.31250000001E+00
-22.10000E-06,+424.99999999980E+00,-562.49999999E-03,+15.62499999999E+00
-22.08000E-06,+418.75000000000E+00,-250.00000001E-03,+15.31250000000E+00
-22.06000E-06,+418.75000000000E+00,-562.50000000E-03,+15.31250000000E+00
-22.04000E-06,+418.74999999980E+00,-562.49999999E-03,+15.31250000000E+00
-22.02000E-06,+412.50000000020E+00,-250.00000001E-03,+15.31250000001E+00
-22.00000E-06,+418.74999999980E+00,-562.49999999E-03,+15.62500000000E+00
-21.98000E-06,+412.50000000000E+00,-250.00000001E-03,+15.62499999999E+00
-21.96000E-06,+412.50000000000E+00,-562.50000000E-03,+15.31250000001E+00
-21.94000E-06,+412.49999999980E+00,-562.49999999E-03,+15.62500000000E+00
-21.92000E-06,+406.25000000020E+00,-250.00000001E-03,+15.62499999999E+00
-21.90000E-06,+412.50000000000E+00,-562.49999999E-03,+15.31249999999E+00
-21.88000E-06,+412.49999999980E+00,-250.00000000E-03,+15.00000000002E+00
-21.86000E-06,+406.25000000000E+00,-250.00000001E-03,+15.62499999998E+00
-21.84000E-06,+406.25000000000E+00,-562.49999999E-03,+15.00000000002E+00
-21.82000E-06,+406.25000000000E+00,-250.00000000E-03,+15.62499999999E+00
-21.80000E-06,+406.25000000000E+00,-250.00000000E-03,+15.31250000001E+00
-21.78000E-06,+406.24999999980E+00,-250.00000001E-03,+15.62500000000E+00
-21.76000E-06,+400.00000000020E+00,-562.50000000E-03,+15.62499999998E+00
-21.74000E-06,+406.25000000020E+00,-562.50000000E-03,+15.00000000001E+00
-21.72000E-06,+412.49999999980E+00,-562.49999999E-03,+15.31250000001E+00
-21.70000E-06,+406.25000000000E+00,-250.00000001E-03,+15.62499999999E+00
-21.68000E-06,+406.25000000000E+00,-562.50000000E-03,+15.31249999999E+00
-21.66000E-06,+406.25000000000E+00,-562.50000000E-03,+15.00000000001E+00
-21.64000E-06,+406.25000000000E+00,-562.50000000E-03,+15.31250000001E+00
-21.62000E-06,+406.25000000020E+00,-562.50000001E-03,+15.62499999999E+00
-21.60000E-06,+412.50000000000E+00,-874.99999998E-03,+15.31249999999E+00
-21.58000E-06,+412.50000000000E+00,-250.00000000E-03,+15.00000000000E+00
-21.56000E-06,+412.49999999980E+00,-250.00000000E-03,+15.00000000002E+00
-21.54000E-06,+406.25000000020E+00,-250.00000002E-03,+15.62500000000E+00
-21.52000E-06,+412.50000000000E+00,-874.99999998E-03,+15.62499999999E+00
-21.50000E-06,+412.50000000000E+00,-250.00000001E-03,+15.31250000001E+00
-21.48000E-06,+412.50000000000E+00,-562.49999999E-03,+15.62500000000E+00
-21.46000E-06,+412.50000000000E+00,-250.00000001E-03,+15.62499999998E+00
-21.44000E-06,+412.49999999980E+00,-562.49999999E-03,+15.00000000001E+00
-21.42000E-06,+406.25000000040E+00,-250.00000000E-03,+15.31250000000E+00
-21.40000E-06,+418.74999999960E+00,-250.00000000E-03,+15.31249999999E+00
-21.38000E-06,+406.25000000020E+00,-250.00000001E-03,+15.00000000002E+00
-21.36000E-06,+412.50000000000E+00,-562.50000000E-03,+15.62499999999E+00
-21.34000E-06,+412.50000000020E+00,-562.50000000E-03,+15.31250000000E+00
-21.32000E-06,+418.74999999980E+00,-562.49999998E-03,+15.31250000000E+00
-21.30000E-06,+412.50000000000E+00,+62.49999998E-03,+15.31249999999E+00
-21.28000E-06,+412.50000000020E+00,-562.49999999E-03,+15.00000000001E+00
-21.26000E-06,+418.75000000020E+00,-250.00000001E-03,+15.31249999999E+00
-21.24000E-06,+425.00000000000E+00,-562.49999999E-03,+15.00000000002E+00
-21.22000E-06,+424.99999999980E+00,-250.00000001E-03,+15.62499999998E+00
-21.20000E-06,+418.74999999980E+00,-562.49999999E-03,+15.00000000001E+00
-21.18000E-06,+412.50000000020E+00,-250.00000001E-03,+15.31250000001E+00
-21.16000E-06,+418.74999999980E+00,-562.49999999E-03,+15.62499999998E+00
-21.14000E-06,+412.50000000040E+00,-250.00000001E-03,+15.00000000001E+00
-21.12000E-06,+424.99999999960E+00,-562.49999999E-03,+15.31250000001E+00
-21.10000E-06,+412.50000000040E+00,-250.00000001E-03,+15.62499999999E+00
-21.08000E-06,+424.99999999980E+00,-562.49999999E-03,+15.31250000000E+00
-21.06000E-06,+418.75000000000E+00,-250.00000001E-03,+15.31250000000E+00
-21.04000E-06,+418.75000000020E+00,-562.50000000E-03,+15.31250000000E+00
-21.02000E-06,+425.00000000000E+00,-562.50000000E-03,+15.31249999999E+00
-21.00000E-06,+425.00000000020E+00,-562.50000000E-03,+15.00000000001E+00
-20.98000E-06,+431.24999999980E+00,-562.50000000E-03,+15.31250000000E+00
-20.96000E-06,+425.00000000000E+00,-562.50000000E-03,+15.31250000000E+00
-20.94000E-06,+425.00000000000E+00,-562.50000000E-03,+15.31250000000E+00
-20.92000E-06,+425.00000000000E+00,-562.50000000E-03,+15.31250000000E+00
-20.90000E-06,+425.00000000000E+00,-562.49999999E-03,+15.31250000000E+00
-20.88000E-06,+425.00000000000E+00,-250.00000000E-03,+15.31250000001E+00
-20.86000E-06,+425.00000000020E+00,-250.00000001E-03,+15.62499999999E+00
-20.84000E-06,+431.25000000000E+00,-562.50000000E-03,+15.31250000000E+00
-20.82000E-06,+431.25000000000E+00,-562.49999999E-03,+15.31250000000E+00
-20.80000E-06,+431.24999999980E+00,-250.00000000E-03,+15.31250000001E+00
-20.78000E-06,+425.00000000020E+00,-250.00000001E-03,+15.62499999999E+00
-20.76000E-06,+431.25000000000E+00,-562.50000000E-03,+15.31249999999E+00
-20.74000E-06,+431.25000000000E+00,-562.50000000E-03,+15.00000000001E+00
-20.72000E-06,+431.24999999980E+00,-562.50000000E-03,+15.31250000000E+00
-20.70000E-06,+425.00000000020E+00,-562.49999999E-03,+15.31250000000E+00
-20.68000E-06,+431.24999999980E+00,-250.00000001E-03,+15.31249999999E+00
-20.66000E-06,+425.00000000020E+00,-562.49999999E-03,+15.00000000001E+00
-20.64000E-06,+431.24999999980E+00,-250.00000001E-03,+15.31250000001E+00
-20.62000E-06,+425.00000000020E+00,-562.50000000E-03,+15.62499999999E+00
-20.60000E-06,+431.24999999980E+00,-562.49999999E-03,+15.31250000000E+00
-20.58000E-06,+425.00000000000E+00,-250.00000001E-03,+15.31250000000E+00
-20.56000E-06,+425.00000000000E+00,-562.50000000E-03,+15.31250000001E+00
-20.54000E-06,+425.00000000000E+00,-562.50000000E-03,+15.62499999999E+00
-20.52000E-06,+425.00000000000E+00,-562.50000000E-03,+15.31250000000E+00
-20.50000E-06,+424.99999999980E+00,-562.50000000E-03,+15.31250000000E+00
-20.48000E-06,+418.75000000020E+00,-562.49999999E-03,+15.31249999999E+00
-20.46000E-06,+425.00000000020E+00,-250.00000001E-03,+15.00000000000E+00
-20.44000E-06,+431.25000000000E+00,-562.49999999E-03,+15.00000000002E+00
-20.42000E-06,+431.24999999961E+00,-250.00000001E-03,+15.62499999998E+00
-20.40000E-06,+418.75000000000E+00,-562.49999999E-03,+15.00000000002E+00
-20.38000E-06,+418.75000000000E+00,-250.00000001E-03,+15.62500000000E+00
-20.36000E-06,+418.74999999980E+00,-562.49999999E-03,+15.62499999999E+00
-20.34000E-06,+412.50000000020E+00,-250.00000001E-03,+15.31250000000E+00
-20.32000E-06,+418.74999999980E+00,-562.49999999E-03,+15.31250000000E+00
-20.30000E-06,+412.50000000020E+00,-250.00000001E-03,+15.31250000000E+00
-20.28000E-06,+418.74999999980E+00,-562.49999999E-03,+15.31250000000E+00
-20.26000E-06,+412.50000000020E+00,-250.00000001E-03,+15.31250000000E+00
-20.24000E-06,+418.74999999980E+00,-562.49999999E-03,+15.31250000000E+00
-20.22000E-06,+412.50000000000E+00,-250.00000000E-03,+15.31249999999E+00
-20.20000E-06,+412.50000000000E+00,-250.00000000E-03,+15.00000000001E+00
-20.18000E-06,+412.50000000020E+00,-250.00000001E-03,+15.31250000001E+00
-20.16000E-06,+418.74999999980E+00,-562.50000000E-03,+15.62500000000E+00
-20.14000E-06,+412.50000000000E+00,-562.50000000E-03,+15.62499999999E+00
-20.12000E-06,+412.50000000000E+00,-562.49999999E-03,+15.31250000001E+00
-20.10000E-06,+412.50000000000E+00,-250.00000000E-03,+15.62499999999E+00
-20.08000E-06,+412.50000000000E+00,-250.00000001E-03,+15.31250000001E+00
-20.06000E-06,+412.50000000020E+00,-562.50000001E-03,+15.62500000000E+00
-20.04000E-06,+418.75000000000E+00,-874.99999999E-03,+15.62499999999E+00
-20.02000E-06,+418.74999999980E+00,-562.50000000E-03,+15.31249999999E+00
-20.00000E-06,+412.50000000000E+00,-562.49999999E-03,+15.00000000001E+00
-19.98000E-06,+412.50000000000E+00,-250.00000002E-03,+15.31250000000E+00
-19.96000E-06,+412.49999999980E+00,-874.99999998E-03,+15.31250000001E+00
-19.94000E-06,+406.25000000039E+00,-250.00000001E-03,+15.62499999999E+00
-19.92000E-06,+418.75000000000E+00,-562.50000000E-03,+15.31249999999E+00
-19.90000E-06,+418.75000000000E+00,-562.49999999E-03,+15.00000000000E+00
-19.88000E-06,+418.74999999961E+00,-250.00000001E-03,+15.00000000000E+00
-19.86000E-06,+406.25000000020E+00,-562.50000000E-03,+15.00000000001E+00
-19.84000E-06,+412.50000000000E+00,-562.49999999E-03,+15.31250000000E+00
-19.82000E-06,+412.50000000020E+00,-250.00000001E-03,+15.31250000000E+00
-19.80000E-06,+418.74999999980E+00,-562.49999999E-03,+15.31250000000E+00
-19.78000E-06,+412.50000000000E+00,-250.00000002E-03,+15.31250000001E+00
-19.76000E-06,+412.50000000000E+00,-874.99999998E-03,+15.62499999999E+00
-19.74000E-06,+412.50000000000E+00,-250.00000001E-03,+15.31249999999E+00
-19.72000E-06,+412.49999999981E+00,-562.49999999E-03,+15.00000000002E+00
-19.70000E-06,+406.25000000000E+00,-250.00000001E-03,+15.62499999999E+00
-19.68000E-06,+406.25000000020E+00,-562.49999999E-03,+15.31249999999E+00
-19.66000E-06,+412.49999999981E+00,-250.00000001E-03,+15.00000000001E+00
-19.64000E-06,+406.25000000020E+00,-562.49999999E-03,+15.31250000000E+00
-19.62000E-06,+412.50000000000E+00,-250.00000002E-03,+15.31250000000E+00
-19.60000E-06,+412.50000000039E+00,-874.99999998E-03,+15.31250000001E+00
-19.58000E-06,+425.00000000000E+00,-250.00000001E-03,+15.62499999998E+00
-19.56000E-06,+424.99999999981E+00,-562.49999999E-03,+15.00000000000E+00
-19.54000E-06,+418.74999999981E+00,-250.00000001E-03,+15.00000000000E+00
-19.52000E-06,+412.50000000000E+00,-562.50000001E-03,+15.00000000002E+00
-19.50000E-06,+412.50000000020E+00,-874.99999999E-03,+15.62499999999E+00
-19.48000E-06,+418.75000000020E+00,-562.50000001E-03,+15.31250000001E+00
-19.46000E-06,+424.99999999981E+00,-874.99999998E-03,+15.62499999998E+00
-19.44000E-06,+418.74999999981E+00,-250.00000000E-03,+15.00000000002E+00
-19.42000E-06,+412.50000000020E+00,-250.00000001E-03,+15.62499999999E+00
-19.40000E-06,+418.75000000000E+00,-562.50000000E-03,+15.31250000000E+00
-19.38000E-06,+418.75000000000E+00,-562.49999999E-03,+15.31250000000E+00
-19.36000E-06,+418.74999999981E+00,-250.00000000E-03,+15.31250000001E+00
-19.34000E-06,+412.50000000020E+00,-250.00000000E-03,+15.62500000000E+00
-19.32000E-06,+418.75000000000E+00,-250.00000000E-03,+15.62499999999E+00
-19.30000E-06,+418.75000000000E+00,-250.00000001E-03,+15.31250000001E+00
-19.28000E-06,+418.75000000019E+00,-562.49999999E-03,+15.62499999999E+00
-19.26000E-06,+424.99999999981E+00,-250.00000002E-03,+15.31250000001E+00
-19.24000E-06,+418.75000000000E+00,-874.99999998E-03,+15.62500000000E+00
-19.22000E-06,+418.75000000019E+00,-250.00000000E-03,+15.62499999999E+00
-19.20000E-06,+425.00000000000E+00,-250.00000000E-03,+15.31249999999E+00
-19.18000E-06,+425.00000000000E+00,-250.00000001E-03,+15.00000000001E+00
-19.16000E-06,+424.99999999981E+00,-562.50000000E-03,+15.31250000001E+00
-19.14000E-06,+418.75000000019E+00,-562.50000000E-03,+15.62499999998E+00
-19.12000E-06,+425.00000000000E+00,-562.50000000E-03,+15.00000000001E+00
-19.10000E-06,+425.00000000000E+00,-562.50000001E-03,+15.31250000001E+00
-19.08000E-06,+424.99999999981E+00,-874.99999999E-03,+15.62499999999E+00
-19.06000E-06,+418.75000000000E+00,-562.50000000E-03,+15.31250000000E+00
-19.04000E-06,+418.75000000019E+00,-562.50000000E-03,+15.31250000001E+00
-19.02000E-06,+425.00000000000E+00,-562.50000000E-03,+15.62499999999E+00
-19.00000E-06,+424.99999999981E+00,-562.49999999E-03,+15.31250000001E+00
-18.98000E-06,+418.75000000000E+00,-250.00000000E-03,+15.62499999999E+00
-18.96000E-06,+418.75000000019E+00,-250.00000002E-03,+15.31250000001E+00
-18.94000E-06,+425.00000000000E+00,-874.99999998E-03,+15.62499999999E+00
-18.92000E-06,+425.00000000000E+00,-250.00000000E-03,+15.31250000000E+00
-18.90000E-06,+425.00000000000E+00,-250.00000001E-03,+15.31250000000E+00
-18.88000E-06,+425.00000000000E+00,-562.50000000E-03,+15.31250000000E+00
-18.86000E-06,+424.99999999981E+00,-562.50000000E-03,+15.31250000000E+00
-18.84000E-06,+418.75000000000E+00,-562.49999999E-03,+15.31250000000E+00
-18.82000E-06,+418.75000000019E+00,-250.00000001E-03,+15.31249999999E+00
-18.80000E-06,+424.99999999981E+00,-562.50000000E-03,+15.00000000002E+00
-18.78000E-06,+418.75000000019E+00,-562.49999999E-03,+15.62500000000E+00
-18.76000E-06,+424.99999999981E+00,-250.00000000E-03,+15.62500000000E+00
-18.74000E-06,+418.75000000000E+00,-250.00000001E-03,+15.62500000000E+00
-18.72000E-06,+418.75000000000E+00,-562.49999999E-03,+15.62499999999E+00
-18.70000E-06,+418.75000000019E+00,-250.00000000E-03,+15.31250000000E+00
-18.68000E-06,+424.99999999981E+00,-250.00000001E-03,+15.31250000001E+00
-18.66000E-06,+418.75000000019E+00,-562.50000000E-03,+15.62499999999E+00
-18.64000E-06,+424.99999999981E+00,-562.49999999E-03,+15.31250000001E+00
-18.62000E-06,+418.75000000000E+00,-250.00000001E-03,+15.62500000000E+00
-18.60000E-06,+418.74999999981E+00,-562.49999999E-03,+15.62500000000E+00
-18.58000E-06,+412.50000000000E+00,-250.00000000E-03,+15.62499999999E+00
-18.56000E-06,+412.50000000019E+00,-250.00000000E-03,+15.31250000000E+00
-18.54000E-06,+418.75000000000E+00,-250.00000000E-03,+15.31250000001E+00
-18.52000E-06,+418.75000000000E+00,-250.00000001E-03,+15.62500000000E+00
-18.50000E-06,+418.75000000000E+00,-562.50000000E-03,+15.62500000000E+00
-18.48000E-06,+418.75000000000E+00,-562.49999999E-03,+15.62499999999E+00
-18.46000E-06,+418.75000000019E+00,-250.00000001E-03,+15.31250000001E+00
-18.44000E-06,+424.99999999981E+00,-562.50000000E-03,+15.62500000000E+00
-18.42000E-06,+418.74999999981E+00,-562.49999999E-03,+15.62500000000E+00
-18.40000E-06,+412.50000000000E+00,-250.00000001E-03,+15.62500000000E+00
-18.38000E-06,+412.50000000019E+00,-562.50000000E-03,+15.62499999999E+00
-18.36000E-06,+418.75000000019E+00,-562.50000000E-03,+15.31250000001E+00
-18.34000E-06,+424.99999999981E+00,-562.50000000E-03,+15.62499999999E+00
-18.32000E-06,+418.75000000000E+00,-562.49999999E-03,+15.31250000000E+00
-18.30000E-06,+418.74999999981E+00,-250.00000001E-03,+15.31250000001E+00
-18.28000E-06,+412.50000000000E+00,-562.50000000E-03,+15.62500000000E+00
-18.26000E-06,+412.50000000019E+00,-562.50000000E-03,+15.62499999999E+00
-18.24000E-06,+418.75000000000E+00,-562.49999999E-03,+15.31250000001E+00
-18.22000E-06,+418.75000000000E+00,-250.00000001E-03,+15.62500000000E+00
-18.20000E-06,+418.75000000019E+00,-562.49999999E-03,+15.62499999998E+00
-18.18000E-06,+424.99999999981E+00,-250.00000001E-03,+15.00000000002E+00
-18.16000E-06,+418.74999999981E+00,-562.49999999E-03,+15.62500000000E+00
-18.14000E-06,+412.50000000019E+00,-250.00000001E-03,+15.62499999999E+00
-18.12000E-06,+418.74999999981E+00,-562.49999999E-03,+15.31250000000E+00
-18.10000E-06,+412.50000000019E+00,-250.00000000E-03,+15.31250000001E+00
-18.08000E-06,+418.75000000000E+00,-250.00000000E-03,+15.62499999999E+00
-18.06000E-06,+418.75000000000E+00,-250.00000001E-03,+15.31250000000E+00
-18.04000E-06,+418.74999999981E+00,-562.49999999E-03,+15.31250000000E+00
-18.02000E-06,+412.50000000019E+00,-250.00000001E-03,+15.31250000001E+00
-18.00000E-06,+418.75000000000E+00,-562.50000000E-03,+15.62499999999E+00
-17.98000E-06,+418.74999999981E+00,-562.50000001E-03,+15.31250000000E+00
-17.96000E-06,+412.50000000000E+00,-874.99999998E-03,+15.31250000001E+00
-17.94000E-06,+412.50000000000E+00,-250.00000000E-03,+15.62500000000E+00
-17.92000E-06,+412.50000000019E+00,-250.00000000E-03,+15.62499999999E+00
-17.90000E-06,+418.75000000000E+00,-250.00000000E-03,+15.31250000000E+00
-17.88000E-06,+418.74999999981E+00,-250.00000001E-03,+15.31250000000E+00
-17.86000E-06,+412.50000000038E+00,-562.50000000E-03,+15.31250000000E+00
-17.84000E-06,+424.99999999981E+00,-562.49999999E-03,+15.31250000001E+00
-17.82000E-06,+418.75000000000E+00,-250.00000001E-03,+15.62499999999E+00
-17.80000E-06,+418.74999999981E+00,-562.49999999E-03,+15.31250000000E+00
-17.78000E-06,+412.50000000019E+00,-250.00000000E-03,+15.31250000001E+00
-17.76000E-06,+418.75000000000E+00,-250.00000000E-03,+15.62500000000E+00
-17.74000E-06,+418.75000000000E+00,-250.00000000E-03,+15.62499999999E+00
-17.72000E-06,+418.74999999981E+00,-250.00000000E-03,+15.31250000000E+00
-17.70000E-06,+412.50000000019E+00,-250.00000001E-03,+15.31250000000E+00
-17.68000E-06,+418.74999999981E+00,-562.49999999E-03,+15.31250000001E+00
-17.66000E-06,+412.50000000019E+00,-250.00000001E-03,+15.62499999999E+00
-17.64000E-06,+418.75000000000E+00,-562.49999999E-03,+15.31250000001E+00
-17.62000E-06,+418.74999999981E+00,-250.00000000E-03,+15.62499999998E+00
-17.60000E-06,+412.50000000000E+00,-250.00000000E-03,+15.00000000001E+00
-17.58000E-06,+412.50000000019E+00,-249.99999999E-03,+15.31249999999E+00
-17.56000E-06,+418.74999999981E+00,+62.50000004E-03,+15.00000000001E+00
-17.54000E-06,+412.50000000038E+00,+1.31250000005E+00,+15.31250000000E+00
-17.52000E-06,+424.99999999735E+00,+2.87500000007E+00,+15.31250000001E+00
-17.50000E-06,+337.49999999509E+00,+5.06250000000E+00,+15.62500000001E+00
-17.48000E-06,+174.99999999622E+00,+5.06249999998E+00,+15.93750000001E+00
-17.46000E-06,+49.99999999887E+00,+4.43749999999E+00,+16.24999999998E+00
-17.44000E-06,+12.49999999981E+00,+4.12499999999E+00,+15.62500000000E+00
-17.42000E-06,+6.24999999981E+00,+3.81249999996E+00,+15.62499999998E+00
-17.40000E-06,+0.0E+00,+2.56250000002E+00,+14.99999999997E+00
-17.38000E-06,+0.0E+00,+3.18750000004E+00,+14.06249999999E+00
-17.36000E-06,-380E-12,+4.43750000003E+00,+13.74999999999E+00
-17.34000E-06,-12.50000000000E+00,+5.37500000005E+00,+13.43750000003E+00
-17.32000E-06,-12.49999999962E+00,+6.93750000006E+00,+14.37500000001E+00
-17.30000E-06,-190E-12,+8.81250000003E+00,+14.68750000003E+00
-17.28000E-06,-6.25000000000E+00,+9.75000000003E+00,+15.62500000001E+00
-17.26000E-06,-6.25000000000E+00,+10.68750000001E+00,+15.93750000000E+00
-17.24000E-06,-6.25000000000E+00,+11.00000000001E+00,+15.93750000000E+00
-17.22000E-06,-6.25000000019E+00,+11.31250000000E+00,+15.93749999999E+00
-17.20000E-06,-12.49999999981E+00,+11.31249999999E+00,+15.62499999998E+00
-17.18000E-06,-6.25000000019E+00,+11.00000000001E+00,+15.00000000000E+00
-17.16000E-06,-12.49999999981E+00,+11.31250000001E+00,+14.99999999999E+00
-17.14000E-06,-6.25000000019E+00,+11.62500000005E+00,+14.68750000001E+00
-17.12000E-06,-12.50000000000E+00,+13.18749999999E+00,+15.00000000000E+00
-17.10000E-06,-12.50000000019E+00,+12.87499999999E+00,+15.00000000000E+00
-17.08000E-06,-18.74999999981E+00,+12.56250000002E+00,+15.00000000000E+00
-17.06000E-06,-12.50000000000E+00,+13.18750000002E+00,+15.00000000001E+00
-17.04000E-06,-12.50000000000E+00,+13.81250000000E+00,+15.31250000001E+00
-17.02000E-06,-12.50000000000E+00,+13.81250000002E+00,+15.62500000000E+00
-17.00000E-06,-12.50000000000E+00,+14.43750000000E+00,+15.62500000000E+00
-16.98000E-06,-12.50000000000E+00,+14.43749999999E+00,+15.62500000001E+00
-16.96000E-06,-12.50000000000E+00,+14.12499999998E+00,+15.93749999997E+00
-16.94000E-06,-12.49999999981E+00,+13.50000000002E+00,+14.99999999999E+00
-16.92000E-06,-6.25000000000E+00,+14.12499999999E+00,+14.68750000001E+00
-16.90000E-06,-6.25000000000E+00,+13.81250000001E+00,+15.00000000000E+00
-16.88000E-06,-6.25000000000E+00,+14.12500000000E+00,+15.00000000002E+00
-16.86000E-06,-6.25000000019E+00,+14.12500000001E+00,+15.62499999998E+00
-16.84000E-06,-12.50000000000E+00,+14.43749999999E+00,+15.00000000000E+00
-16.82000E-06,-12.49999999981E+00,+14.12500000002E+00,+15.00000000001E+00
-16.80000E-06,-6.25000000000E+00,+14.75000000000E+00,+15.31250000001E+00
-16.78000E-06,-6.25000000000E+00,+14.75000000001E+00,+15.62500000000E+00
-16.76000E-06,-6.25000000000E+00,+15.06249999999E+00,+15.62500000000E+00
-16.74000E-06,-6.25000000019E+00,+14.75000000001E+00,+15.62500000000E+00
-16.72000E-06,-12.50000000000E+00,+15.06249999997E+00,+15.62499999999E+00
-16.70000E-06,-12.50000000000E+00,+14.12500000001E+00,+15.31249999999E+00
-16.68000E-06,-12.50000000000E+00,+14.43750000000E+00,+15.00000000000E+00
-16.66000E-06,-12.49999999981E+00,+14.43750000000E+00,+15.00000000000E+00
-16.64000E-06,-6.25000000019E+00,+14.43750000000E+00,+15.00000000001E+00
-16.62000E-06,-12.50000000000E+00,+14.43750000000E+00,+15.31250000000E+00
-16.60000E-06,-12.50000000000E+00,+14.43750000001E+00,+15.31250000000E+00
-16.58000E-06,-12.50000000000E+00,+14.74999999999E+00,+15.31250000000E+00
-16.56000E-06,-12.50000000000E+00,+14.43750000001E+00,+15.31250000001E+00
-16.54000E-06,-12.50000000000E+00,+14.75000000000E+00,+15.62499999999E+00
-16.52000E-06,-12.50000000000E+00,+14.74999999999E+00,+15.31249999999E+00
-16.50000E-06,-12.49999999981E+00,+14.43750000000E+00,+15.00000000001E+00
-16.48000E-06,-6.25000000000E+00,+14.43750000000E+00,+15.31250000000E+00
-16.46000E-06,-6.25000000000E+00,+14.43750000000E+00,+15.31249999999E+00
-16.44000E-06,-6.25000000019E+00,+14.43750000000E+00,+15.00000000000E+00
-16.42000E-06,-12.50000000019E+00,+14.43750000001E+00,+15.00000000001E+00
-16.40000E-06,-18.74999999982E+00,+14.74999999999E+00,+15.31250000000E+00
-16.38000E-06,-12.50000000018E+00,+14.43750000002E+00,+15.31250000000E+00
-16.36000E-06,-18.74999999963E+00,+15.06249999999E+00,+15.31250000000E+00
-16.34000E-06,-6.25000000018E+00,+14.75000000001E+00,+15.31250000001E+00
-16.32000E-06,-12.50000000000E+00,+15.06249999998E+00,+15.62499999999E+00
-16.30000E-06,-12.50000000000E+00,+14.43750000001E+00,+15.31250000000E+00
-16.28000E-06,-12.49999999963E+00,+14.75000000000E+00,+15.31250000000E+00
-16.26000E-06,-370E-12,+14.75000000000E+00,+15.31249999999E+00
-16.24000E-06,-12.50000000000E+00,+14.74999999999E+00,+15.00000000000E+00
-16.22000E-06,-12.50000000000E+00,+14.43750000001E+00,+15.00000000001E+00
-16.20000E-06,-12.50000000000E+00,+14.74999999999E+00,+15.31249999999E+00
-16.18000E-06,-12.50000000018E+00,+14.43750000001E+00,+15.00000000000E+00
-16.16000E-06,-18.74999999963E+00,+14.74999999999E+00,+15.00000000001E+00
-16.14000E-06,-6.25000000018E+00,+14.43750000001E+00,+15.31249999999E+00
-16.12000E-06,-12.49999999982E+00,+14.75000000000E+00,+15.00000000000E+00
-16.10000E-06,-6.25000000000E+00,+14.75000000000E+00,+15.00000000001E+00
-16.08000E-06,-6.25000000018E+00,+14.74999999999E+00,+15.31250000000E+00
-16.06000E-06,-12.50000000000E+00,+14.43750000001E+00,+15.31250000000E+00
-16.04000E-06,-12.50000000000E+00,+14.75000000000E+00,+15.31249999999E+00
-16.02000E-06,-12.50000000000E+00,+14.75000000000E+00,+15.00000000000E+00
-16.00000E-06,-12.50000000000E+00,+14.75000000000E+00,+15.00000000001E+00
-15.98000E-06,-12.50000000000E+00,+14.75000000000E+00,+15.31249999999E+00
-15.96000E-06,-12.50000000000E+00,+14.74999999998E+00,+15.00000000000E+00
-15.94000E-06,-12.50000000000E+00,+14.12500000002E+00,+15.00000000001E+00
-15.92000E-06,-12.50000000000E+00,+14.75000000000E+00,+15.31250000000E+00
-15.90000E-06,-12.50000000018E+00,+14.75000000000E+00,+15.31249999999E+00
-15.88000E-06,-18.74999999982E+00,+14.74999999999E+00,+15.00000000001E+00
-15.86000E-06,-12.50000000000E+00,+14.43750000001E+00,+15.31249999999E+00
-15.84000E-06,-12.50000000000E+00,+14.75000000000E+00,+15.00000000001E+00
-15.82000E-06,-12.49999999982E+00,+14.75000000000E+00,+15.31250000000E+00
-15.80000E-06,-6.25000000037E+00,+14.75000000000E+00,+15.31250000000E+00
-15.78000E-06,-18.75000000000E+00,+14.75000000000E+00,+15.31250000000E+00
-15.76000E-06,-18.74999999982E+00,+14.74999999999E+00,+15.31249999999E+00
-15.74000E-06,-12.49999999982E+00,+14.43750000002E+00,+15.00000000000E+00
-15.72000E-06,-6.25000000018E+00,+15.06249999999E+00,+15.00000000000E+00
-15.70000E-06,-12.50000000000E+00,+14.75000000000E+00,+15.00000000001E+00
-15.68000E-06,-12.50000000000E+00,+14.74999999999E+00,+15.31250000000E+00
-15.66000E-06,-12.50000000000E+00,+14.43750000002E+00,+15.31249999999E+00
-15.64000E-06,-12.50000000000E+00,+15.06249999999E+00,+15.00000000002E+00
-15.62000E-06,-12.50000000000E+00,+14.75000000000E+00,+15.62499999998E+00
-15.60000E-06,-12.49999999982E+00,+14.75000000000E+00,+15.00000000000E+00
-15.58000E-06,-6.25000000037E+00,+14.75000000000E+00,+15.00000000000E+00
-15.56000E-06,-18.74999999982E+00,+14.74999999999E+00,+15.00000000000E+00
-15.54000E-06,-12.50000000018E+00,+14.43750000000E+00,+15.00000000001E+00
-15.52000E-06,-18.74999999963E+00,+14.43750000001E+00,+15.31249999999E+00
-15.50000E-06,-6.25000000000E+00,+14.75000000001E+00,+15.00000000001E+00
-15.48000E-06,-6.25000000000E+00,+15.06249999998E+00,+15.31249999999E+00
-15.46000E-06,-6.25000000018E+00,+14.43750000001E+00,+15.00000000001E+00
-15.44000E-06,-12.50000000000E+00,+14.75000000000E+00,+15.31250000000E+00
-15.42000E-06,-12.50000000000E+00,+14.75000000000E+00,+15.31249999999E+00
-15.40000E-06,-12.50000000000E+00,+14.74999999999E+00,+15.00000000001E+00
-15.38000E-06,-12.50000000000E+00,+14.43750000001E+00,+15.31250000000E+00
-15.36000E-06,-12.49999999982E+00,+14.74999999999E+00,+15.31250000000E+00
-15.34000E-06,-6.25000000036E+00,+14.43750000001E+00,+15.31250000000E+00
-15.32000E-06,-18.74999999982E+00,+14.74999999999E+00,+15.31250000000E+00
-15.30000E-06,-12.50000000000E+00,+14.43750000001E+00,+15.31249999999E+00
-15.28000E-06,-12.50000000000E+00,+14.74999999999E+00,+15.00000000001E+00
-15.26000E-06,-12.50000000000E+00,+14.43750000001E+00,+15.31249999999E+00
-15.24000E-06,-12.50000000000E+00,+14.74999999999E+00,+15.00000000001E+00
-15.22000E-06,-12.49999999982E+00,+14.43750000001E+00,+15.31249999999E+00
-15.20000E-06,-6.25000000018E+00,+14.74999999999E+00,+15.00000000001E+00
-15.18000E-06,-12.49999999982E+00,+14.43750000001E+00,+15.31249999999E+00
-15.16000E-06,-6.25000000018E+00,+14.75000000000E+00,+15.00000000002E+00
-15.14000E-06,-12.50000000018E+00,+14.75000000000E+00,+15.62499999998E+00
-15.12000E-06,-18.75000000018E+00,+14.75000000000E+00,+14.99999999998E+00
